Title,Score,Vote,Popularity,Members,Favorite,Status,Demographics
Totsuidekita Yome ga Aisouwarai Bakari shiteru,7.35,4270,1620,11891,62,Finished,[]
"Doumo, Suki na Hito ni Horegusuri wo Irai sareta Majo desu. (Hi, im a Witch, and My Crush Wants Me to Make a Love Potion)",7.35,527,7752,2332,16,Publishing,[]
Juujin-san to Ohana-chan (Hana and the Beast Man),7.35,410,17126,764,24,Finished,[]
July Found by Chance,7.35,326,16704,798,15,Finished,[]
Gimai Seikatsu (Days with My Stepsister),7.35,1541,2900,6837,73,Publishing,[Shounen]
Class no Daikirai na Joshi to Kekkon suru Koto ni Natta.,7.35,1559,3036,6571,59,Publishing,[Shounen]
ItS My Life,7.35,2033,2099,9199,72,Finished,[]
Majo to Neko no Hanashi (The Story of Witches and Cats),7.35,321,14461,1003,11,Finished,[]
Kanojo to Kanojo no Neko (She and Her Cat),7.35,6210,1447,13222,161,Finished,[Seinen]
Mahouka Koukou no Rettousei SS (The Irregular at Magic High School SS),7.35,144,15270,922,4,Finished,[]
Watashitachi wa Douka shiteiru (SomethingS Wrong With Us),7.35,781,4230,4631,50,Publishing,[Josei]
Little Witch Academia,7.35,2453,3032,6580,158,Finished,[Shounen]
Imouto sae Ireba Ii. Gaiden: Imouto ni sae Nareba Ii!,7.35,133,15778,873,2,Finished,[Shounen]
"Maou-sama, Retry! (Demon Lord, Retry!)",7.35,535,7206,2542,26,Publishing,[]
Rokudenashi Majutsu Koushi to Akashic Records (Akashic Records of the Bastard Magical Instructor),7.34,3865,1224,15109,133,Finished,[Shounen]
Momokuri,7.34,1133,4411,4418,52,Finished,[]
Mikako-san,7.34,616,8237,2161,39,Finished,[Seinen]
Gekijouban Naruto: Shippuuden - Hi no Ishi wo Tsugu Mono,7.34,184,19186,634,4,Finished,[Shounen]
Senyuu.: Main Quest Dai-2 Shou,7.34,110,27008,324,6,Finished,[]
Dementia 21,7.34,960,3883,5114,55,Finished,[]
Tatsumi Yoshihiro Kessakusen,7.34,175,19289,628,10,Finished,[Seinen]
Kanojo ni Naru Hi,7.34,14259,543,31509,452,Finished,[Shoujo]
Sensei Kunshu,7.34,2393,2230,8732,97,Finished,[Shoujo]
Hamatora The Comic,7.34,1503,3864,5134,51,Finished,[Seinen]
Majo to Houki to Kurobuchi Megane,7.34,1110,6663,2800,38,Finished,[]
Rail Wars! Nihon Kokuyuu Tetsudou Kouantai - The Revolver,7.34,129,16593,805,4,Finished,[]
Ashizuri Suizokukan,7.34,1497,3638,5445,119,Finished,[Seinen]
Hibi Chouchou x Hirunaka no Ryuusei,7.34,3636,2602,7607,20,Finished,[Shoujo]
Shinobi Quartet,7.34,1570,3418,5850,36,Finished,[Shoujo]
Udon no Kuni no Kiniro Kemari,7.34,347,7687,2350,20,Finished,[Seinen]
Mata Ashita,7.34,819,8473,2082,13,Finished,[Shoujo]
Kure-nai,7.34,122,15106,937,5,Publishing,[]
Densetsu no Yuusha no Densetsu,7.34,933,4913,3927,19,Finished,[Shounen]
Little Busters! Ecstasy Series,7.34,140,14738,973,11,Finished,[]
Himitsu no Recipe,7.34,2504,4040,4901,34,Finished,[]
Love Share,7.34,1100,7691,2349,4,Finished,[Shoujo]
Sengoku Basara Series Official Anthology Comic: Gakuen Basara,7.34,211,17934,709,8,Finished,[]
Pikaâ˜†Ichi,7.34,3032,1975,9642,35,Finished,[Shoujo]
Hi no Yama (The Thief Inoue Akikazu and Other Stories),7.34,176,23442,434,4,Finished,[Seinen]
Heart no Kuni no Alice: Boushiya to Shinya no Ochakai (Alice in the Country of Hearts: The Mad HatterS Late Night Tea Party),7.34,689,7353,2487,35,Finished,[Shoujo]
Hatsukoi Hakusho,7.34,1233,7381,2473,2,Finished,[Shoujo]
Koisuru Barairo Tenchou,7.34,973,8618,2034,14,Finished,[]
Shoujo Kakumei Utena,7.34,182,16740,796,9,Finished,[Shoujo]
City of Darkness,7.34,1426,3769,5260,38,Finished,[]
Nekomori-kun no Himitsu no Tobira,7.34,1339,8248,2158,5,Finished,[Shoujo]
Kuroori-hime to Kawaki no Ou,7.34,2648,4254,4588,12,Finished,[Shoujo]
Hoshi ni Naru Hi,7.34,506,13360,1125,3,Finished,[Shoujo]
Angel Heart 2nd Season,7.34,160,16900,784,3,Finished,[Seinen]
Again!!,7.34,7085,765,22780,295,Finished,[Shounen]
Mahou Sensei Negima! Volume 0,7.34,382,10804,1515,5,Finished,[Shounen]
Shirokuma CafÃ© (Polar Bear CafÃ©),7.34,390,7548,2407,34,Finished,[Josei]
Satou-kun no Juunan Seikatsu,7.34,412,10895,1495,5,Finished,[Shoujo]
Madan no Ou to Vanadis (Lord Marksman and Vanadis),7.34,4049,1662,11615,70,Finished,[Seinen]
Wanko ni Kuchizuke (Why not be my dog),7.34,1479,5201,3696,60,Finished,[Seinen]
Super Danganronpa 2: Chou Koukou-kyuu no Kouun to Kibou to Zetsubou (Danganronpa 2: Ultimate Luck and Hope and Despair),7.34,1747,4046,4894,111,Finished,[]
HajiOtsu.,7.34,6512,1238,15009,151,Finished,[]
"Sayonara, Hero.",7.34,1534,6261,3000,9,Finished,[Shoujo]
Alice 19th,7.34,8586,1140,15896,329,Finished,[Shoujo]
Zombie-Loan,7.34,6908,970,18167,314,Finished,[Shounen]
Aventura (Adventura),7.34,260,15067,941,26,Discontinued,[Shounen]
Dragon Voice,7.34,432,13119,1153,21,Finished,[Shounen]
Gravitation EX,7.34,1490,5406,3531,56,Finished,[]
Rebirth,7.34,894,6942,2661,86,Finished,[]
Bamboo Blade,7.34,3187,2465,7978,138,Finished,[Seinen]
Open Sesame,7.34,2102,4629,4198,41,Finished,[Shounen]
IO,7.34,2213,3224,6190,58,Finished,[Seinen]
Tenshi na Konamaiki (Cheeky Angel),7.34,1382,4798,4027,54,Finished,[Shounen]
Sugar Addiction (Sugarholic),7.34,663,11537,1382,7,Finished,[Shoujo]
Global Garden,7.34,909,8855,1961,20,Finished,[Shoujo]
Shurayuki-hime (Lady Snowblood),7.34,2155,2810,7053,74,Finished,[]
Jackals,7.34,5239,1513,12717,173,Finished,[Seinen]
Kamisama no Iutoori,7.34,3406,2994,6643,50,Finished,[Shoujo]
Kekkon Shiyou yo (LetS Get Married!),7.34,1080,7589,2390,9,Finished,[Shoujo]
Kokumin Quiz,7.34,1085,5840,3237,50,Finished,[Seinen]
Dragon Half,7.34,1495,4858,3970,104,Finished,[]
Zero (Zero - The Beginning of The Coffin),7.34,2415,3670,5411,36,Finished,[Seinen]
Gakuen Utopia Manabi Straight!,7.34,118,21851,500,7,Finished,[]
Koori no Mamono no Monogatari Gaiden (The Ice-Cold DemonS Tale Special),7.34,230,18539,671,4,Finished,[]
Allison,7.34,196,15702,881,7,Finished,[]
Zenbu Shiritaiâ™¡,7.34,1355,6849,2701,4,Finished,[Shoujo]
Street Fighter: Sakura Ganbaru! (Street Fighter: Sakura Gives it Her Best!; Street Fighter Sakura Ganbaru!),7.34,463,13470,1110,21,Finished,[]
Ginga Nagareboshi Gin - Special Chapter,7.34,127,25471,368,8,Finished,[Seinen]
UFO Princess Valkyrie,7.34,126,19863,595,6,Finished,[Shounen]
Toradora Spin-off!,7.34,349,6860,2697,23,Finished,[]
Kinkyori Renai (LoveS Reach),7.34,1973,2920,6796,43,Finished,[Shoujo]
Suki nan desu,7.34,1935,5724,3308,5,Finished,[Shoujo]
Teppen!,7.34,2111,4314,4521,10,Finished,[Shoujo]
Hekikai no  (AiON),7.34,3170,2467,7972,112,Finished,[Shounen]
"Haikei, Nanashi-sama",7.34,2002,5535,3450,7,Finished,[Shoujo]
I â™¥ HS (I Love High School),7.34,3383,2949,6736,23,Finished,[Shoujo]
ChildrenS Time,7.34,335,18948,647,0,Finished,[]
Shounen Shoujo Hyouryuuki,7.34,954,7444,2451,19,Finished,[Seinen]
Clover no Kuni no Alice: Bloody Twins (Alice in the Country of Clover: Bloody Twins),7.34,970,6784,2736,21,Finished,[Shoujo]
Shounen-tachi no Ita Natsu: Melody of Jenny,7.34,147,24978,383,3,Finished,[Shounen]
Kamisama Hajimemashita: Sonogo no Futari,7.34,209,17851,714,8,Finished,[]
Ao ni Naku,7.34,541,11770,1341,17,Finished,[]
Isso Koe ga Nakattara,7.34,953,8660,2021,16,Finished,[]
Baki-dou,7.34,4165,1846,10370,117,Finished,[Shounen]
"Nihon e Youkoso Elf-san. (Welcome to Japan, Ms. Elf!)",7.34,2568,2103,9190,50,Publishing,[]
Manshuu Ahen Squad (Manchuria Opium Squad),7.34,750,4116,4797,28,Publishing,[Seinen]
Futari wa Daitai Konna Kanji (The Two of Them Are Pretty Much Like This),7.34,813,7701,2347,18,Finished,[]
Nomi x Shiba,7.34,250,16045,849,4,Publishing,[]
Sodom no Hana ni Kiraboshi (A Star Twinkles Above a Flower in Sodom),7.34,368,15744,876,5,Finished,[Shoujo]
Isekai Mokushiroku Mynoghra: Hametsu no Bunmei de Hajimeru Sekai Seifuku,7.34,2995,1897,10022,71,Publishing,[]
Hei no Naka no Biyoushitsu (The Depth of the Sky),7.34,235,21652,508,2,Finished,[Seinen]
Yumemiru Danshi wa Genjitsushugisha (The Dreaming Boy Is a Realist),7.34,407,8313,2135,64,Publishing,[]
Newton no Tsubomi,7.34,198,17558,733,19,Finished,[Shounen]
Studio Cabana,7.34,315,8456,2088,21,Publishing,[]
Shota Oni,7.34,211,17179,760,24,Publishing,[]
"Yowaki Max Reijou nanoni, Ratsuwan Konyakusha-sama no Kake ni Notte Shimatta",7.34,285,13749,1081,12,Publishing,[]
My Gently Raised Beast,7.34,2186,3782,5248,47,Finished,[]
Summertime Render 2026: Mizen Jikobukken (Summertime Rendering 2026: The Room that Dreams of Murder),7.34,753,8567,2050,7,Finished,[Shounen]
The Legendary Moonlight Sculptor,7.34,1769,3696,5376,34,On Hiatus,[]
The Rewards of Marriage,7.34,654,6504,2884,14,Publishing,[]
Questism,7.34,2213,3143,6323,60,Publishing,[]
Kita no Toride nite,7.34,214,17748,720,7,Publishing,[]
My Daughter Is the Final Boss,7.34,1719,3426,5833,19,Publishing,[]
Nagareboshi,7.34,153,24808,389,3,Finished,[]
"Kimi no Yokogao wo Miteita (I See Your Face, Turned Away)",7.34,230,10504,1577,8,Publishing,[Shoujo]
Night of Shadows,7.34,136,19107,638,9,Publishing,[]
Uso no Kodomo (False Child),7.34,206,14404,1010,2,Publishing,[Shounen]
Akuninzura shita B-kyuu Boukensha: Shujinkou to Sono Osananajimi-tachi no Papa ni Naru (B-Grade Adventurer with a Bad Guy Face: Becomes a Daddy to the Hero and His Fellow Children),7.34,299,12041,1301,8,Publishing,[]
Dogsred,7.34,358,9772,1740,12,Publishing,[Seinen]
The AcademyS Genius Swordsman,7.34,845,5497,3473,9,Publishing,[]
"Ningen Fushin no Boukensha-tachi ga Sekai wo Sukuu you desu (Apparently, Disillusioned Adventurers Will Save the World)",7.33,140,13949,1058,9,Publishing,[]
Shouha Shouten! (Show-ha Shoten!),7.33,1289,4316,4518,29,Publishing,[Shounen]
Omega no Mukotori,7.33,306,18460,676,3,Finished,[]
Amagami wo Kimi ni,7.33,289,19510,616,2,Finished,[]
Elden Ring: Ougonju e no Michi (Elden Ring: The Road to the Erdtree),7.33,744,5890,3206,31,Publishing,[]
"Love Comedy Manga ni Haitteshimatta node, Oshi no Make Heroine wo Zenryoku de Shiawase ni Suru",7.33,708,6052,3107,21,Publishing,[]
School Back,7.33,130,17023,773,2,Publishing,[]
The ArchdukeS Adopted Saint,7.33,198,14788,968,5,Publishing,[]
Lord Baby Runs a Romance Fantasy With Cash,7.33,174,16431,817,2,Publishing,[]
Baki Rahen,7.33,234,11886,1321,7,Publishing,[Shounen]
The Reincarnated Assassin Is a Swordmaster,7.32,790,6227,3017,18,Publishing,[]
"""Bungaku Shoujo"" Minarai",7.33,120,19645,607,4,Finished,[]
Ebisu-san to Hotei-san,7.33,2248,4897,3945,25,Finished,[]
Honoo no Tenkousei,7.33,484,8719,2003,37,Finished,[Shounen]
Ookami Lover,7.33,2171,5170,3721,8,Finished,[Shoujo]
Luckyâ˜†Star: Comic Ã  la carte,7.33,373,12591,1227,15,Finished,[]
"Kiben Gakuha, Yotsuya-senpai no Kaidan.",7.33,2051,3199,6229,52,Finished,[Shounen]
Hyakunen Renbo,7.33,1680,5084,3782,11,Finished,[Shoujo]
Air Koi,7.33,1836,5140,3737,7,Finished,[Shoujo]
Nurarihyon no Mago,7.33,174,16582,807,18,Finished,[Shounen]
Dantalian no Shoka,7.33,1122,5026,3835,34,Finished,[Shounen]
Song of the Cloud,7.33,604,6846,2703,10,Finished,[]
G-senjou no Maou Comic Anthology (The Devil on G-String Comic Anthology),7.33,152,13321,1129,24,Finished,[]
Sonogo no Crows (Crows: The Aftermath),7.33,763,9758,1743,2,Finished,[Shounen]
Maga-Tsuki,7.33,13082,501,33782,384,Finished,[Shounen]
Deep Clear,7.33,953,9334,1839,14,Finished,[Shoujo]
Waratte! Sotomura-san (Smile! Sotomura-san),7.33,1765,3441,5793,45,Finished,[]
Hachimitsu ni Hatsukoi,7.33,1471,3448,5781,35,Finished,[Shoujo]
Wild Wing,7.33,717,11694,1353,6,Finished,[Shoujo]
Ore ga Doutei wo Sutetara Shinu Ken ni Tsuite (About if I Die of Discarded Virgin),7.33,8848,1027,17455,143,Finished,[]
GosickS,7.33,135,16820,790,5,Finished,[Shounen]
Nekoka Danshi no Shitsukekata,7.33,1782,4395,4432,19,Finished,[]
Kendo Shitouden Cestvs,7.33,231,14442,1005,4,Publishing,[Seinen]
Wagatsuma-san wa Ore no Yome (My Wife Is Wagatsuma-san),7.33,8745,734,23686,381,Finished,[Shounen]
Uso Kano,7.33,1006,4556,4273,22,Finished,[Shoujo]
K Side:Black & White,7.33,256,9654,1761,5,Finished,[]
"Ore ga Ojousama Gakkou ni ""Shomin Sample"" Toshite Rachirareta Ken",7.33,678,5659,3359,20,Finished,[]
"Jinrou e no Tensei, Maou no Fukukan (Der Werwolf: The Annals of Veight)",7.33,282,12463,1246,11,Publishing,[]
10-manbun no 1,7.33,385,10791,1519,12,Finished,[Shoujo]
Sousei no Onmyouji: Tenen Jakko,7.33,117,19156,636,4,Finished,[Shounen]
Tomodachi wo Tsukurou.,7.33,895,6709,2775,28,Finished,[]
Inai Boku wa Hotarumachi ni Iru,7.33,296,14110,1041,8,Finished,[Josei]
Yakumo-san wa Ezuke ga Shitai. (Beauty and the Feast),7.33,4917,1138,15922,137,Finished,[Seinen]
Misoshiru de Kanpai!,7.33,880,5207,3692,29,Finished,[Shounen]
Kimi ga Shinu Natsu ni (In the summer when you die),7.33,1021,6229,3016,26,Finished,[Shounen]
ChÃ¤oS;Child: ChildrenS Collapse,7.33,176,19210,633,3,Finished,[Shounen]
"Owari Nochi, Asanagi-kurashi. (Giant Spider & Me: A Post-Apocalyptic Tale)",7.33,1036,6203,3029,39,Finished,[]
Ohimesama no Himitsu (Secret of the Princess),7.33,2631,3837,5167,29,Finished,[]
Aku no Musume,7.33,182,13741,1082,39,Finished,[]
Clockwork Planet,7.33,3180,1784,10734,141,Finished,[Shounen]
Suzumiya Haruhi Series: Atezuppo Numbers,7.33,203,17267,754,4,Finished,[]
Umi no Cradle (The Cradle of The Sea),7.33,1032,5558,3438,40,Finished,[Seinen]
Vanilla Fiction,7.33,180,18611,667,26,Finished,[Shounen]
Konjiki no Word Master: Yuusha Yonin ni Makikomareta Unique Cheat,7.33,8708,662,26031,205,Publishing,[]
Sayonara Piano Sonata: Encore Pieces,7.33,111,27788,303,0,Finished,[]
Net-juu no Susume (Recommendation of The Internet Enhancement),7.33,666,3306,6055,37,Discontinued,[]
Naruto Jinraiden: Okami no Naku Hi,7.33,608,8213,2170,19,Finished,[Shounen]
Tsurezurebiyori (Our Wonderful Days),7.33,3193,2090,9229,98,Finished,[]
Tenchi Souzou Design-bu (HeavenS Design Team),7.33,452,6209,3026,24,Publishing,[Seinen]
Sanju Mariko,7.33,132,16579,807,4,Finished,[Josei]
"Nanoni, Chigira-kun ga Amasugiru. (And Yet, You Are So Sweet)",7.33,896,4268,4574,35,Publishing,[Shoujo]
"Oshiete Kudasai, Fujishima-san! (Over-Cumming WriterS Block)",7.33,508,8766,1990,29,Publishing,[]
Kono Subarashii Sekai ni Shukufuku wo! Megumin Anthology,7.33,273,16033,850,4,Finished,[]
Achira Kochira Bokura (Here and There and Us),7.33,151,21857,500,8,Finished,[Seinen]
Tama no Gohoubi,7.33,2258,3385,5895,58,Finished,[Shoujo]
Tokyo Ghoul:re: Quest,7.33,493,8191,2179,119,Finished,[]
Dororo to Hyakkimaru Den (The Legend of Dororo and Hyakkimaru),7.33,671,5329,3586,57,Publishing,[Seinen]
Heroine Hajimemashita. (Heroine for Hire),7.33,1586,3660,5426,31,Finished,[Shoujo]
Dokgo 2,7.33,395,14083,1045,7,Finished,[]
Tong,7.33,345,15476,903,13,Finished,[]
Ameagari no Bokura ni Tsuite (Stay By My Side After the Rain),7.33,384,11734,1347,9,Finished,[]
Shoujo Manga Shujinkou x Rival-san,7.33,1751,4158,4749,50,Finished,[Shounen]
"Ijimeru Aitsu ga Warui no ka, Ijimerareta Boku ga Warui no ka? (Is It My Fault That I Got Bullied?)",7.33,3704,2723,7285,63,Finished,[]
The Love Doctor,7.33,351,16210,835,11,Finished,[]
Shuumatsu Touring (Touring After the Apocalypse),7.33,303,8182,2181,19,Publishing,[Seinen]
Seiyuu Radio no Uraomote,7.33,437,8123,2201,12,Finished,[Seinen]
Inazuma to Romance (Lightning and Romance),7.33,377,8118,2205,21,Publishing,[Shoujo]
"Keikenzumi na Kimi to, Keiken Zero na Ore ga, Otsukiai suru Hanashi. (You Were Experienced, I Was Not: Our Dating Story)",7.33,548,5438,3511,75,Publishing,[]
Kingdom Hearts,7.33,12057,742,23266,768,Finished,[Shounen]
Platinum Garden,7.33,716,6969,2649,11,Finished,[]
Slayers: Medieval Mayhem,7.33,512,13437,1114,8,Finished,[Shounen]
Souten no Koumori,7.33,2399,4563,4267,12,Finished,[Shounen]
Koukaku Kidoutai 1.5: Human-Error Processer (The Ghost in the Shell 1.5),7.33,3009,2383,8219,63,Finished,[Seinen]
Gakkou no Ojikan,7.33,1982,4069,4865,17,Finished,[Shoujo]
Mei-chan no Shitsuji,7.33,1851,3431,5813,48,Finished,[Shoujo]
Otogi Matsuri (Otogi Matsuri: Dark Offering),7.33,1014,6310,2973,17,Finished,[Seinen]
Megane Ouji (Four-Eyed Prince),7.33,746,8788,1981,16,Finished,[Shoujo]
Do You Want to Try?,7.33,3005,3532,5618,57,Finished,[Shoujo]
Momoiro Heaven! (Peach Heaven),7.33,3398,1838,10434,62,Finished,[Shoujo]
Mimi wo Sumaseba,7.33,969,7481,2434,27,Finished,[Shoujo]
Naked,7.33,364,16780,793,3,Finished,[Shoujo]
Fortune Arterial,7.33,2314,3468,5737,45,Finished,[]
Haigakura,7.33,303,8511,2068,13,Publishing,[Josei]
Oishinbo (Oishinbo: Ã€ la Carte),7.33,407,8517,2067,33,On Hiatus,[Seinen]
Nogizaka Haruka no Himitsu,7.33,226,13713,1085,7,Finished,[]
Kabushikigaisha Love Cotton,7.33,308,15589,891,6,Finished,[Shoujo]
Sarasah,7.33,591,8504,2071,29,Publishing,[Shoujo]
Love Less,7.33,576,11812,1335,47,Finished,[Shoujo]
Lupin III Y,7.33,151,17382,747,2,Finished,[Seinen]
Stardustâ˜…Wink,7.33,5299,1306,14463,160,Finished,[Shoujo]
Ai kara Hajimaru,7.33,4071,2578,7648,23,Finished,[Shoujo]
Seikai no Monshou (Seikai Trilogy),7.32,419,14578,991,15,Finished,[]
Vampire Doll: Guilt-na-Zan,7.32,968,7214,2539,87,Finished,[Josei]
Excel Saga,7.32,1833,3163,6297,174,Finished,[Seinen]
Rockman EXE (MegaMan NT Warrior),7.32,1242,7221,2537,118,Finished,['Kids']
Wanted!,7.32,8275,1386,13741,80,Finished,[Shounen]
Narutaru: Mukuro Naru Hoshi Tama Taru Ko (Shadow Starâ˜†),7.32,4014,1545,12563,374,Finished,[Seinen]
Kimi no Kakera,7.32,261,13639,1093,21,Finished,[Shounen]
Real/Fake Princess,7.32,757,9649,1762,16,Finished,[Shoujo]
Lodoss-tou Senki: Pharis no Seijo (Record of Lodoss War: The Lady of Pharis),7.32,610,10491,1580,26,Finished,[]
Kazan,7.32,434,13438,1114,16,Finished,[Seinen]
: Various Heroines (KimiKiss),7.32,2598,3694,5381,48,Finished,[Seinen]
Spiral Alive,7.32,541,8503,2071,22,Finished,[Shounen]
Majo (Witches),7.32,2690,2171,8932,97,Finished,[Seinen]
Demon Sacred,7.32,322,12244,1277,12,Finished,[Shoujo]
Kokoro Kikai.,7.32,2261,4524,4296,15,Finished,[]
Legend of Nereid,7.32,1467,5657,3360,23,Finished,[Shoujo]
Itadakimasu,7.32,2063,4640,4181,31,Finished,[Josei]
Yami no Koe (Voices in the Dark),7.32,8859,1057,16987,120,Finished,[Shoujo]
Hakaiou Noritaka!,7.32,617,10187,1646,31,Finished,[Shounen]
M to N no Shouzou (Portrait of M and N),7.32,755,7564,2399,16,Finished,[Shoujo]
RiverS Edge,7.32,1859,3263,6132,135,Finished,[Josei]
Kawaii Oresama,7.32,1684,6648,2813,6,Finished,[Shoujo]
Turn A Gundam,7.32,157,20668,553,3,Finished,[]
Nadeshiko Club,7.32,885,7994,2241,4,Finished,[Shoujo]
Love Luck,7.32,1804,5710,3316,12,Finished,[Shoujo]
Pheromomania Syndrome,7.32,436,10607,1553,10,Finished,[Shoujo]
Hanshin,7.32,2947,3704,5363,42,Finished,[Shoujo]
Senpai to Kanojo,7.32,1261,7405,2465,4,Finished,[]
Strange Orange,7.32,353,14184,1033,1,Finished,[Shoujo]
Show Princess,7.32,372,10837,1508,3,Finished,[Shoujo]
C-blossom: Case 729,7.32,1351,6249,3004,10,Finished,[Shoujo]
Watashi no + Okusuri,7.32,1737,5721,3310,28,Finished,[Shoujo]
Kidou Senshi Gundam 00,7.32,172,19149,636,11,Finished,[]
.hack//Cell,7.32,281,12871,1184,9,Finished,[]
Tokkyuu!!,7.32,201,16298,828,5,Finished,[Shounen]
Barairo no Hoho no Koro,7.32,1723,4965,3887,26,Finished,[]
Aneâ˜†Mone Seikaten,7.32,1569,6179,3040,2,Finished,[Shoujo]
Plastic Girl,7.32,3144,3270,6126,12,Finished,[Shoujo]
Ginga Densetsu Weed: Orion,7.32,250,15854,866,24,Finished,[Seinen]
Joshiraku,7.32,828,4781,4041,51,Finished,[Shounen]
Seikimatsu Leader Den Takeshi!,7.32,198,19477,617,5,Finished,[Shounen]
Kono Koi wo Wasurenai. (I Wont Forget This Love),7.32,800,9840,1727,4,Finished,[Shoujo]
No Guns Life,7.32,2561,1395,13651,150,Finished,[Seinen]
Hanayome to Exorcist (The Bride & the Exorcist Knight),7.32,387,10667,1543,10,Finished,[Shoujo]
Eyeshield 21,7.32,452,10707,1534,23,Finished,[Shounen]
For the Sake of Sita,7.32,1855,5576,3426,28,Finished,[]
Dear My Teacher,7.32,940,5971,3154,27,Publishing,[]
Mimi Mix!,7.32,719,8753,1994,16,Finished,[]
Mado kara Madoka-chan,7.32,1542,4747,4072,34,Finished,[Seinen]
Meshinuma.,7.32,553,9242,1862,34,Publishing,[Seinen]
Chiyu Mahou no Machigatta Tsukaikata: Senjou wo Kakeru Kaifuku Youin (The Wrong Way to Use Healing Magic),7.32,6919,780,22418,159,Publishing,[]
Shin Kirari (Talk to My Back),7.32,102,25975,353,5,Finished,[]
Boku no Gemini (My Gemini),7.32,189,21706,506,10,Finished,[Shoujo]
Back to You,7.32,733,9418,1819,24,Finished,[]
Sakura wa Watashi wo Sukisugiru (SakuraS Dedication),7.32,270,10313,1619,5,Publishing,[]
Master Villainess the Invincible!,7.32,621,7992,2242,15,Publishing,[]
Relationship Guidelines,7.32,522,11870,1323,22,Finished,[]
Returning With Absolutely Nothing,7.32,1246,5065,3801,17,Publishing,[]
"Hodoite, Musunde",7.32,393,9623,1767,3,Publishing,[]
Countrouble,7.32,6851,1273,14710,103,Finished,[Shounen]
Kaitai Shinsho Ã˜,7.32,1631,4295,4541,24,Finished,[Shounen]
Kimi ga Uso wo Tsuita (You told a lie.),7.32,3798,2813,7042,31,Finished,[Shoujo]
Tenchi Shinmei!,7.32,676,7382,2472,9,Finished,[Shoujo]
SKET Dance,7.32,1289,7365,2480,146,Finished,[Shounen]
Jigoku Shoujo R,7.32,365,11564,1376,12,Finished,[Shoujo]
Hokusai,7.32,328,15378,911,10,Finished,[]
IS:  (Infinite Stratos),7.32,1173,3826,5192,46,Publishing,[]
Strike Witches Zero: 1937 Fusou Kaijihen (Strike Witches: 1937 Fuso Sea Incident),7.32,292,15286,921,17,Finished,[Seinen]
Inochi,7.32,903,8101,2210,15,Finished,[Shoujo]
Hana ni Kedamono,7.32,1036,4778,4044,17,Finished,[Shoujo]
Usotsuki Lily 0,7.32,958,8699,2009,7,Finished,[Shoujo]
Kimi to Boku no Ashiato: Time Travel Kasuga Kenkyuusho,7.32,186,15581,892,5,Finished,[Seinen]
Itsuka Tenma no Kuro Usagi,7.32,308,9419,1819,20,Finished,[Shounen]
Sabaki no Mon,7.32,1371,7573,2395,7,Finished,[Shoujo]
TiG-HuG Planet,7.32,2875,3424,5836,17,Finished,[Shoujo]
In The Chocolate,7.32,684,11250,1430,3,Finished,[Shoujo]
Sugar Dark: Umerareta Yami to Shoujo,7.32,336,13602,1097,9,Finished,[]
Cocoon,7.32,845,6268,2993,18,Finished,[Josei]
Wasureyuki,7.32,2443,4636,4186,17,Finished,[Shoujo]
Girls & Panzer: Little Army (Girls and Panzer: Little Army),7.32,1472,5995,3139,52,Finished,[Seinen]
Abide in the Wind,7.32,1192,3960,5009,55,Finished,[]
Hinatama,7.32,1596,5339,3578,23,Finished,[Shoujo]
Latin,7.32,634,9895,1714,14,Finished,[]
Kimi ni Koishite Ii desu ka. (May I be in love with you?),7.32,5289,1431,13343,43,Finished,[Shoujo]
Marin to Yuurei,7.32,747,9471,1803,1,Finished,[Shoujo]
Shuuten Unknown,7.32,180,20449,564,5,Finished,[Josei]
Hadi Girl,7.32,5460,1561,12457,131,Finished,[]
Tantei Xeno to Nanatsu no Satsujin Misshitsu (Detective Xeno and the Seven Locked Murder Rooms),7.32,403,10157,1653,10,Finished,[Shounen]
Super Danganronpa 2: Sayonara Zetsubou Gakuen (Danganronpa 2: Goodbye Despair),7.32,423,11345,1413,14,On Hiatus,[]
Liv,7.32,2529,4420,4405,75,Finished,[]
Amakunai Karera no Nichijou wa. (Those Not-So-Sweet Boys),7.32,1182,4474,4355,56,Finished,[Shoujo]
Guyabano Holiday,7.32,164,22921,454,5,Finished,[Josei]
Hataraku Saibou Baby (Cells at Work: Baby!),7.32,209,13522,1105,10,Finished,[Seinen]
Spectral Wizard,7.32,257,18196,692,21,Finished,[]
"Food Court de, Mata Ashita. (See You Tomorrow at the Food Court)",7.32,695,6822,2715,25,Publishing,[]
Ame demo Hare demo (Come Rain or Shine),7.32,1030,6888,2686,25,Finished,[]
Romantic Killer,7.32,1127,3229,6176,84,Finished,[Shounen]
Goukaku no Tame no! Yasashii Sankaku Kankei Nyuumon (An Introduction to Easy Triangle Relationships.),7.32,1626,5464,3494,40,Finished,[Seinen]
Warui ga Watashi wa Yuri ja Nai,7.32,780,6655,2804,39,Publishing,[]
Seikyouiku 120% (Sex Ed 120%),7.32,393,10827,1510,16,Finished,[]
Magicraft Meister,7.32,246,13334,1127,7,Publishing,[]
Fujimi Lovers (Undead Lovers),7.32,2962,2510,7832,135,Finished,[Shounen]
Outer Zone,7.32,124,21135,530,2,Finished,[Shounen]
Setsuna Graffiti (Graffiti in the Moment),7.32,601,8376,2114,29,Finished,[Shoujo]
Watashi no Ookami-kun (That Wolf-Boy Is Mine!),7.32,10052,715,24363,161,Finished,[Shoujo]
Trace 1.5: Communicator,7.32,505,12953,1173,12,Finished,[]
Sayuri-san no Imouto wa Tenshi,7.32,1931,4183,4716,39,Finished,[Seinen]
Kamisama Hajimemashita: Kurama-yama Yawa,7.32,177,12924,1176,12,Finished,[Shoujo]
Hundred,7.31,452,6779,2738,31,Finished,[]
Keijo!!!!!!!!,7.31,3664,1475,12993,268,Finished,[Shounen]
Log Horizon: Nishikaze no Ryodan (Log Horizon: The West Wind Brigade),7.31,734,6468,2898,23,Finished,[]
Hikidashi ni Terrarium (Terrarium in Drawer),7.31,694,8668,2019,7,Finished,[]
Kurokouchi,7.31,252,11981,1308,9,Finished,[Seinen]
Musaigen no Phantom World (Myriad Colors Phantom World),7.31,213,6864,2696,25,Finished,[]
Grisaia no Kajitsu: L'Oiseau bleu,7.31,360,10175,1648,16,Finished,[Shounen]
Shiyakusho,7.31,287,10682,1540,6,Publishing,[Seinen]
Asebi to Sora Sekai no Boukensha (Asebi and Adventurers of Sky World),7.31,1141,5817,3251,30,Finished,[Seinen]
Hanebado!,7.31,1468,3588,5529,90,Finished,[Seinen]
Shinyaku Toaru Majutsu no Index SS,7.31,397,12288,1270,13,Finished,[]
Koisaku Potager (Fall in Love in the Potager),7.31,666,11531,1383,1,Finished,[]
Nanba MG5,7.31,752,7268,2523,25,Finished,[Shounen]
Zenikko,7.31,168,20188,579,4,Finished,[Shounen]
Soumatou Kabushikigaisha,7.31,320,13131,1152,12,Finished,[Seinen]
Isekai Maou to Shoukan Shoujo no Dorei Majutsu (How NOT to Summon a Demon Lord),7.31,2160,2127,9120,142,Publishing,[]
Frau Faust,7.31,887,4821,4007,51,Finished,[Josei]
Kawa ni Sazanami,7.31,123,21246,525,5,Publishing,[]
Kedamono Arashi: Hug Me Baby! (BeastS Storm: Hug Me Baby!),7.31,364,16450,816,0,Finished,[]
"Omae, Tanuki ni Naranee ka? (Would You like to Be a Tanuki?)",7.31,165,14944,953,10,Publishing,[]
Henyoku no Drops (Drops of One Wing),7.31,168,19106,638,5,Finished,[Shoujo]
Otaku ni Yasashii Gal wa Inai!? (Gal Cant be Kind to Otaku!?),7.31,539,6555,2859,9,Publishing,[Seinen]
Daily JoJo,7.31,131,24096,412,2,Publishing,[]
I Was Tricked Into This Fake Marriage!,7.31,1256,5498,3473,29,Finished,[]
After the Curtain Call,7.31,200,21397,519,5,Finished,[]
No Longer a Heroine!,7.31,444,15001,947,9,Finished,[]
An Hour of Romance,7.31,183,16867,786,6,Publishing,[]
The Strongest Characters in the World Are Obsessed with Me (The Most Powerful Characters in the World Are Obsessed with Me),7.31,605,6804,2727,9,Publishing,[]
Oshi ni Amagami,7.31,112,13011,1166,6,Publishing,[Shoujo]
The Tyrant Wants to Be Good,7.31,619,7546,2409,18,Publishing,[]
Tenshi no Kiss (Forbidden Dance),7.31,888,9145,1883,11,Finished,[Shoujo]
Heaven!!,7.31,1171,6728,2767,12,Finished,[Shoujo]
Oretama,7.31,16883,513,33223,630,Finished,[Seinen]
Model,7.31,2901,3172,6275,151,Finished,[]
Akuma no Ororon (The Demon Ororon),7.31,1485,5961,3159,141,Finished,[Shoujo]
Appleseed,7.31,2573,2085,9242,158,Finished,[]
Shoujo Kakumei Utena (Revolutionary Girl Utena),7.31,4886,1612,11949,285,Finished,[Shoujo]
Slayers: Knight of the Aqualord,7.31,610,11467,1393,10,Finished,[]
Zero no Tsukaima (ZeroS Familiar),7.31,4501,1658,11654,191,Finished,[Seinen]
Wanted,7.31,5795,1868,10189,54,Finished,[Shoujo]
Shin Shirayuki-hime Densetsu Pretear (PrÃ©tear: The New Legend of Snow White),7.31,2285,3949,5024,84,Finished,[Shoujo]
Dakedo Happy Paradise,7.31,1339,6781,2738,6,Finished,[Shoujo]
Confession,7.31,3102,3219,6198,51,Finished,[Seinen]
Ogawa to Yukai na Saitou-tachi,7.31,354,15084,939,6,Finished,[Shoujo]
Stray Little Devil,7.31,754,10070,1671,30,Finished,[Shounen]
Shokugyou Tenshi,7.31,436,15927,859,6,Finished,[]
Hatsukoi Shimai (First Love Sisters),7.31,1701,5314,3601,16,Finished,[]
Deep Love Virus,7.31,2280,4570,4261,16,Finished,[Shoujo]
Star Project Chiro (Chiro: The Star Project),7.31,514,9962,1696,12,Finished,[Shoujo]
Hakobune Hakusho (Animal Academy),7.31,533,10734,1528,33,Finished,[Shounen]
Aozora Pop,7.31,1321,5213,3685,26,Finished,[Shoujo]
Red Garden,7.31,994,6076,3092,67,Finished,[Seinen]
Freezing,7.31,16618,408,40518,"1,243",Publishing,[Seinen]
Front Mission: Dog Life & Dog Style,7.31,602,7793,2313,26,Finished,[Seinen]
Metro Survive (Metro Suvive),7.31,2053,4605,4224,16,Finished,[Seinen]
Matantei Loki Ragnarok (The Mythical Detective Loki Ragnarok),7.31,789,7839,2300,32,Finished,[Shounen]
The Change!,7.31,322,16465,815,8,Finished,[Shoujo]
Fire Emblem: Hasha no Tsurugi,7.31,959,7828,2303,36,Finished,[Shounen]
Mayonaka no Ariadne,7.31,660,9429,1817,9,Finished,[Shoujo]
Akage no Anne (Anne of Green Gables),7.31,562,10455,1586,12,Finished,[Shoujo]
Junaiâ˜…Sensation,7.31,518,10469,1583,16,Finished,[Shoujo]
Shiro no Keiyaku,7.31,1892,5842,3234,2,Finished,[Shoujo]
Hoshiyomi no Yogensha,7.31,840,10161,1652,4,Finished,[Shoujo]
Boku kara Kimi ga Kienai,7.31,7778,1097,16512,94,Finished,[Shoujo]
Houkago no Oujisama,7.31,311,13156,1149,19,Publishing,[Shounen]
Dash! Kappei,7.31,173,23316,438,2,Finished,[]
Kimi wa Boku no Toriko Nare,7.31,786,7377,2476,7,Finished,[Shoujo]
Tetsunagi Kooni.,7.31,222,16043,849,5,On Hiatus,[Shounen]
Alexandrite,7.31,218,17629,728,3,Finished,[Shoujo]
Nononono,7.31,3824,2463,7984,120,Finished,[Seinen]
Shouri no Akuma (Devil of the Victory),7.31,2383,3683,5391,34,Finished,[Shoujo]
Kidou Senshi Gundam 00I,7.31,151,19522,615,3,Finished,[Shounen]
Tenkyuugi: Sephirahnatus,7.31,437,10162,1652,6,Finished,[Josei]
Zero,7.31,1279,5512,3466,32,Finished,[Seinen]
Cahe Tantei-bu (Cafe detective club),7.31,244,13981,1055,9,Finished,[]
Hidan no Aria (Aria the Scarlet Ammo),7.31,2746,2047,9347,55,Publishing,[Seinen]
Shiota-sensei to Amai-chan,7.31,1025,4356,4474,30,Publishing,[]
"Wakabaryou de, Kimi to",7.31,2140,4598,4233,9,Finished,[]
Tenohira Size.,7.31,558,12571,1230,2,Finished,[Josei]
Touken Ranbu Online Anthology Comic: Touken Danshi Makuaigeki,7.31,260,13611,1096,15,Finished,[]
Maou-sama no Machizukuri!: Saikyou no Dungeon wa Kindai Toshi (The Devil is Making City),7.31,379,8764,1991,20,Publishing,[]
Rojiura Kurashi,7.31,276,10983,1478,25,Finished,[]
Warera Contactee,7.31,125,19328,626,4,Finished,[Seinen]
Fate/Grand Order: Turas RÃ©alta,7.31,455,8442,2092,29,Publishing,[Shounen]
Yari no Yuusha no Yarinaoshi (The Reprise of the Spear Hero),7.31,260,11141,1447,22,Publishing,[]
Nozomanu Fushi no Boukensha (The Unwanted Undead Adventurer),7.31,602,7155,2566,32,Publishing,[]
Mejirobana no Saku (A White Rose in Bloom),7.31,383,7067,2603,23,Publishing,[Josei]
Kami-tachi ni Hirowareta Otoko (By the Grace of the Gods),7.31,4524,1321,14334,131,Publishing,[]
Youjo Senki Shokudou,7.31,428,10442,1588,11,Finished,[]
Torso no Bokura (Our Torsos Align: Human x Monster Love),7.31,113,24815,389,3,Finished,[]
Azur Lane: Bisoku Zenshin!,7.31,480,9305,1844,43,Publishing,[]
Housekishou Richard-shi no Nazo Kantei (The Case Files of Jeweler Richard),7.31,132,13419,1116,23,Publishing,[Josei]
JK kara Yarinaosu Silver Plan (Silver Plan to Redo From JK),7.31,640,7541,2412,23,Publishing,[Seinen]
Tensei shitara Akari dake Slime Datta Ken,7.31,138,20097,583,43,Publishing,[]
Penguin Highway,7.31,122,18785,657,10,Finished,[]
Kijima-san to Yamada-san (Kijima-san & Yamada-san),7.31,1132,4648,4175,15,Publishing,[]
Jiisan Baasan Wakagaeru,7.31,2664,2138,9077,47,Publishing,[]
Ore no Imouto ga Konnani Kawaii Wake ga Nai: Ayase If,7.31,260,14732,973,13,Finished,[Shounen]
Kimi ni Tsumugu Bouhaku (Monologue Woven for You),7.31,789,7042,2614,31,Finished,[]
Maji de Tsukiau 15-funmae (15 Minutes Before We Really Date),7.31,1505,4111,4801,13,Finished,[]
Nanami Minami wa Kagayakitai: Jaku-Chara Tomozaki-kun Gaiden (Minami Nanami Wants to Shine),7.31,160,13560,1101,5,Publishing,[Seinen]
Daifuku-chan to Ouji-sama,7.31,358,9659,1760,8,Publishing,[Shoujo]
Zettai ni Furo ni Hairitakunai Kanojo vs Zettai ni Furo ni Iretai Kareshi,7.31,2030,4093,4830,26,Finished,[Shounen]
Murazukuri Game no NPC ga Namami no Ningen to shika Omoenai (The NPCs in this Village Sim Game Must Be Real!),7.31,128,25599,364,16,Finished,[]
Kuroiwa Medaka ni Watashi no Kawaii ga Tsuujinai (Medaka Kuroiwa Is Impervious to My Charms),7.31,9576,567,29898,312,Publishing,[Shounen]
Hone Dragon no Mana Musume (The Skull DragonS Precious Daughter),7.31,304,11158,1444,9,Publishing,[]
Umi no Triton (Triton of the Sea),7.31,292,17171,761,6,Finished,[Shounen]
im Looking for the Princess,7.31,484,13335,1127,5,Finished,[]
My Boyfriend Is a Vampire,7.31,3046,3146,6314,74,Finished,[Shoujo]
Mashiro no Oto (Those Snow White Notes),7.31,181,8264,2154,11,Finished,[Shounen]
Kimi ni Ageru. (I Give to You),7.31,394,11433,1399,11,Finished,[]
Kamisama no Memochou,7.31,440,7892,2279,8,Finished,[]
Konohanatei Kitan,7.31,665,7835,2301,15,Finished,[]
Hanasaku Iroha,7.31,636,6524,2874,6,Finished,[Shounen]
Evangelion: ANIMA (Neon Genesis Evangelion: ANIMA),7.31,522,5672,3350,42,Finished,[]
Dark Air,7.31,1765,3495,5694,32,Finished,[Shounen]
Miss Princess!,7.31,203,17313,751,4,Finished,[Shoujo]
Tanteiken Sherdock (Sherlock Bones),7.31,547,10501,1578,29,Finished,[Shounen]
Doko e mo Yukenai Ki ga Shiteta,7.31,268,16055,848,0,On Hiatus,[]
Hori-san to Miyamura-kun Omake,7.31,113,11479,1392,8,Finished,[]
Toaru Kagaku no Railgun: Giten Railgun (Pseudepigraph Railgun),7.31,308,13432,1115,5,Finished,[]
Kijitora Neko no Koume-san (Plum Crazy! Tales of A Tiger-Striped Cat),7.31,214,18013,703,15,Publishing,[]
Toaru Majutsu no Index: Road to Endymion,7.31,501,10947,1483,2,Finished,[Shounen]
Yuusha ni Narenakatta Ore wa Shibushibu Shuushoku wo Ketsui Shimashita.,7.31,155,10394,1602,9,Finished,[]
Bakusou Kyoudai LetS & Go!! MAX,7.3,117,31191,231,1,Finished,['Kids']
Shousetsu Mugen no Juunin: Ninjuu Ibun (Blade of the Immortal: Legend of the Sword Demon),7.3,232,12902,1180,8,Finished,[Seinen]
Bambino! Secondo,7.3,730,7640,2370,6,Finished,[Seinen]
I Will Be Cinderella (Becoming Cinderella),7.3,450,11659,1360,8,Finished,[Shoujo]
Working Holiday,7.3,185,24401,402,2,Finished,[Shoujo]
Nobara no Hanayome,7.3,2654,2932,6776,20,Finished,[Shoujo]
Maji de Watashi ni Koi Shinasai!,7.3,2901,2393,8178,55,Finished,[Shounen]
Mardock Scramble,7.3,814,3985,4977,42,Finished,[Shounen]
Ilegenes: Giyoku no Koukyoukyoku,7.3,509,8064,2220,7,Finished,[Shoujo]
Bokura no Himitsu wo Kyouyuu Shiyou ka,7.3,3425,2817,7036,15,Finished,[Shoujo]
Kidou Senshi Z Gundam Define,7.3,106,21586,511,4,Publishing,[Shounen]
Dounyatsu (Donyatsu),7.3,624,7895,2277,39,Publishing,[Seinen]
S.I.D.,7.3,902,5220,3677,25,Finished,[]
Kujaku no Kyoushitsu,7.3,825,7957,2256,7,Finished,[Shoujo]
Oddman 11,7.3,2298,2850,6953,89,Finished,[]
Koi Kyokusei,7.3,387,16474,815,3,Finished,[Shoujo]
Renai Boukun,7.3,7871,716,24215,227,Finished,[]
Hibari no Asa,7.3,838,6644,2815,30,Finished,[Josei]
Daisy: 3.11 Joshikousei-tachi no Sentaku,7.3,216,20592,557,8,Finished,[Shoujo]
Arslan Senki,7.3,207,12684,1212,11,Finished,[Shoujo]
Peach Girl,7.3,6782,1286,14594,470,Finished,[Shoujo]
Yo no Na wa Zushio (My Name is Zusio),7.3,428,13938,1060,18,Finished,[Shounen]
Eagle (Eagle: The Making of an Asian-American President),7.3,325,11906,1318,11,Finished,[Seinen]
Vampire Miyu (Vampire Princess Miyu),7.3,1190,5490,3476,80,Finished,[Shoujo]
Good Morning Call,7.3,4850,1751,10966,98,Finished,[Shoujo]
Kenkou Zenrakei Suieibu Umishou,7.3,2096,3848,5156,33,Finished,[Shounen]
Dororo,7.3,6350,1123,16071,273,Finished,[Shounen]
Aiki,7.3,10260,870,20165,270,Finished,[Seinen]
Tsubasa wo Motsu Mono (Tsubasa: Those With Wings),7.3,903,7443,2452,40,Finished,[Shoujo]
Mr. Fullswing,7.3,628,9155,1882,27,Finished,[Shounen]
Gaki no Koro kara,7.3,1085,9459,1807,0,Finished,[Seinen]
Ryuu no Hanawazurai (Two Flowers for the Dragon),7.3,863,7504,2425,17,Finished,[Shoujo]
Shin Vampire Miyu (New Vampire Princess Miyu),7.3,492,9918,1706,17,Finished,[Shoujo]
Aa! Megami-sama!: First End (Oh My Goddess! First End),7.3,234,16493,813,7,Finished,[]
Full House,7.3,622,8438,2095,14,Finished,[Josei]
Shura no Mon,7.3,216,17821,716,8,Finished,[Shounen]
Dragon Quest Retsuden: Roto no Monshou (Emblem of Roto),7.3,495,12070,1296,16,Finished,[Shounen]
Hanasakeru Seishounen,7.3,255,11051,1464,9,Finished,[Shoujo]
Ochanigosu. (A Badboy Drinks Tea!),7.3,2915,2525,7784,40,Finished,[Shounen]
Dan Doh!!,7.3,170,21503,514,5,Finished,[Shounen]
Butterfly Kiss,7.3,573,10330,1615,3,Finished,[Shoujo]
Blood+ Russian Rose,7.3,182,15304,919,7,Finished,[]
Innocence: After the Long Goodbye (Ghost in the Shell 2: Innocence - After the Long Goodbye),7.3,181,13631,1094,12,Finished,[]
I-Revo: Ice Revolution,7.3,2988,3228,6180,32,Finished,[Shounen]
Take Over Zone,7.3,1006,9212,1870,1,Finished,[]
Bloody Cross,7.3,2673,1936,9870,142,Finished,[Shounen]
Inu wo Kau,7.3,1111,7711,2344,11,Finished,[Seinen]
One Piece: Mugiwara Daigekijou,7.3,1335,5279,3632,28,Finished,[Shounen]
Muv-Luv Alternative: Total Eclipse,7.3,203,11916,1316,10,Finished,[Seinen]
Kodomo no Jikan: Houkago,7.3,708,8880,1954,18,Finished,[]
Ippo,7.3,200,14613,987,3,Finished,[Seinen]
Sekai Oni,7.3,4925,1243,14982,250,Finished,[]
Yowamushi Pedal: Spare Bike,7.3,165,15107,937,7,Publishing,[Shounen]
Fate/Prototype: Sougin no Fragments,7.3,311,8596,2040,24,Finished,[]
Mokushiroku Alice,7.3,780,5959,3160,17,Finished,[Josei]
Girls & Panzer,7.3,128,16992,776,28,Finished,[]
Henshin Ganbou!,7.3,7168,1725,11137,87,Finished,[Shounen]
Gouhou Yuri Fuufu Hon,7.3,1138,5545,3445,22,Finished,[]
One Piece Party,7.3,1189,5474,3487,33,Finished,[Shounen]
I Love You yori Aishiteru,7.3,1875,4999,3857,25,Finished,[]
Yuâ˜†Giâ˜†Oh!,7.3,459,11943,1314,97,Finished,[Shounen]
"Yatara to Sasshi no Ii Ore wa, Dokuzetsu Kuudere Bishoujo no Chiisana Dere mo Minogasazu ni Guigui Iku (From Toxic Classmate to Girlfriend Goals)",7.3,230,11963,1310,17,Finished,[]
Make Heroine wo Katasetai!!,7.3,288,21064,533,1,Finished,[Shounen]
Kiss shitai Otoko,7.3,860,10773,1522,12,Finished,[Shounen]
Nine Peaks,7.3,389,8095,2211,13,Publishing,[Shounen]
Becoming the Monarch,7.3,953,5928,3186,14,Publishing,[]
The Gourmet Gamer,7.3,247,14764,970,7,Publishing,[]
"Kono Koi, Chaban ni Tsuki!? (Matcha Made in Heaven)",7.3,255,11119,1451,12,Publishing,[Josei]
Saihate no Tomodachi (The Farthest Friend),7.3,213,23521,431,3,Finished,[]
Bu Keai de TA (She May Not Be Cute),7.3,161,25045,381,5,Finished,[]
Karakai Jouzu (?) no Nishikata-san,7.3,123,17847,715,3,Publishing,[Shounen]
Madoromi Barmaid (Sleepy Barmaid),7.3,531,7358,2484,21,Publishing,[Seinen]
Kyoto Teramachi Sanjou no Holmes (Holmes of Kyoto),7.3,143,13087,1157,15,Publishing,[]
Seijo no Maryoku wa Bannou desu (The SaintS Magic Power Is Omnipotent),7.3,2666,1860,10224,75,Publishing,[]
Manga de Yomu Jinsei ga Tokimeku Katazuke no Mahou (The Life-Changing Manga of Tidying Up: A Magical Story),7.3,393,16187,837,13,Finished,[]
Cotton Candy,7.3,432,14068,1046,8,Finished,[]
JK to Sutego no Akachan (JK & the foundling),7.3,1212,7572,2395,20,Finished,[]
Neko ga Nishi Mukya (When a Cat Faces West),7.3,685,7398,2468,8,Finished,[Seinen]
Boukensha ni Naritai to Miyako ni Deteitta Musume ga S-Rank ni Natteta (My Daughter Left the Nest and Returned an S-Rank Adventurer),7.3,308,10908,1492,16,Finished,[]
Lessa,7.3,737,8513,2068,35,Finished,[]
Mikansei demo Koi ga Ii,7.3,1061,7011,2632,18,Finished,[Shoujo]
Mushoku Tensei: 4-koma ni Nattemo Honki Dasu,7.3,464,9220,1868,29,Finished,[Shounen]
Uchi no Kaisha no Chiisai Senpai no Hanashi (Story of a Small Senior in My Company),7.3,2162,1866,10196,35,Publishing,[]
Ii Fuufu no Hanashi,7.3,1266,3906,5079,26,Publishing,[]
Great Pretender,7.3,324,6688,2787,28,Discontinued,[]
Yakimochi wa Kitsuneiro (Fox-Colored Jealousy),7.3,1180,7868,2290,17,Finished,[]
Kimi wa Meido-sama. (You Are Ms. Servant.),7.3,2438,1962,9733,58,Publishing,[]
Mine-kun wa Non-Sexual (Mine-kun is Asexual),7.3,410,12096,1292,9,Finished,[]
A Shoulder to Cry On,7.31,560,11669,1358,21,Finished,[]
Sentai Daishikkaku (Go! Go! Loser Ranger!),7.3,3491,1131,16020,180,Publishing,[Shounen]
Leviathan,7.3,555,12665,1215,11,Finished,[]
Shiosai no Majo,7.3,266,16512,812,7,Finished,[]
Shin Honkaku Mahou Shoujo Risuka,7.3,196,10739,1528,5,Publishing,[Shounen]
Tobioriyou to Shiteiru Joshikousei wo Tasuketara Dou Naru no ka?,7.3,160,15059,942,6,Publishing,[]
Jigoku no Enra (Enra in Hell),7.3,4194,1723,11150,108,Finished,[Shoujo]
Isekai Tensei Soudouki (Multi-Mind Mayhem),7.3,4983,1201,15315,86,Publishing,[]
Otoko Ippiki Gaki Daishou,7.3,141,17086,767,8,Finished,[Shounen]
Tonari no Kyuuketsuki-san (Ms. Vampire who lives in my neighborhood.),7.3,682,4855,3973,32,Finished,[]
BadâˆžEndâˆžNight,7.3,123,20494,562,11,Finished,[]
Sora no Kiseki Gaiden: LÃ¶we Monogatari,7.3,158,26541,337,8,Finished,[]
Criminale!,7.3,8831,957,18456,217,Finished,[]
KnightS & Magic,7.3,2342,2749,7199,54,Finished,[Seinen]
Op: Yoake Itaru no Iro no Nai Hibi,7.3,219,13247,1138,4,Publishing,[Seinen]
Hone ga Kusaru made (Until Your Bones Rot),7.3,4138,1416,13465,158,Finished,[]
Koisuru Shirokuma (A Polar Bear in Love),7.3,483,8190,2179,31,Publishing,[Josei]
Isekai Yakkyoku (Parallel World Pharmacy),7.3,5242,1067,16905,91,Publishing,[]
Trinity Seven-san,7.3,238,12362,1261,7,Finished,[]
Madokaâ˜†Engawa,7.3,107,25301,373,5,Finished,[]
Sekai de Ichiban Warui Majo (The Worst Witch in the World),7.29,423,10364,1608,18,Finished,[Shoujo]
Slow Days,7.29,546,10230,1637,1,Finished,[]
Fate/kaleid liner Prismaâ˜†Illya,7.29,259,13364,1124,29,Finished,[]
Oounabara to Wadanohara (Wadanohara and the Great Blue Sea),7.29,946,7098,2593,155,Finished,[]
Trinity Seven: Levi Ninden,7.29,392,9304,1844,10,Finished,[Shounen]
Ubau Mono Ubawareru Mono (Bereave or Bereaved),7.29,542,7034,2618,34,Publishing,[]
Goshujinsama to Watashi,7.29,791,9707,1752,15,Finished,[]
Zero no Tsukaima Gaiden: Tabitha no Bouken,7.29,111,21079,532,1,Finished,[]
Rikei ga Koi ni Ochita no de Shoumei shitemita.,7.29,1960,1673,11539,78,Publishing,[]
Shinseiki Evangelion: Pikopiko Chuugakusei Densetsu (Neon Genesis Evangelion: Legend of the Piko Piko Middle School Students),7.29,280,12265,1273,13,Finished,[Seinen]
Totsugimasen kara!,7.29,1473,6424,2915,8,Finished,[]
Switch: the volume on Dragon Fruit,7.29,226,17485,739,0,Finished,[Josei]
Hitomi-sensei no Hokenshitsu (Nurse HitomiS Monster Infirmary),7.29,1510,2966,6701,79,Publishing,[Seinen]
Nisekoi: Urabana,7.29,271,9127,1888,15,Finished,[]
Kaze ga Tsuyoku Fuiteiru,7.29,208,10793,1518,14,Finished,[Seinen]
All Out!!,7.29,1047,4568,4264,63,Finished,[Seinen]
SK8RS,7.29,344,10022,1682,20,Finished,[Seinen]
Shingeki no Kyojin: Kakuzetsu Toshi no Joou (Attack on Titan: The Harsh Mistress of the City),7.29,1172,4067,4868,53,Finished,[]
Yeonae Hyeokmyeong,7.29,415,10873,1499,44,Publishing,[Shounen]
Nightmare Funk,7.29,474,10213,1641,19,Finished,[Shounen]
Pochi Kuro,7.29,3292,2170,8936,83,Finished,[Shounen]
Debusen,7.29,261,17994,705,6,Finished,[Seinen]
Choueki 339-nen,7.29,119,19995,589,6,Finished,[]
Mononoke: Umibouzu,7.29,122,14835,962,3,Finished,[Seinen]
Persona 4: The Ultimax Ultra Suplex Hold (Persona 4 Arena Ultimax),7.29,197,15756,874,13,Finished,[Seinen]
Grisaia no Rakuen: Sanctuary Fellows,7.29,345,9903,1712,10,Finished,[]
Tales of the Abyss: Senketsu no Asch,7.29,241,16292,828,10,Finished,[]
Kidou Senshi Gundam 00 2nd.Season (Mobile Suit Gundam 00 2nd Season),7.29,145,21993,493,2,Finished,[]
Momo Raba,7.29,1340,6947,2658,12,Finished,[Shoujo]
Gensou Suikoden II: Hiki Sakareshi Shukusei,7.29,121,25008,382,10,Finished,[Seinen]
MM!,7.29,652,6995,2640,14,Finished,[Seinen]
Captain Ken,7.29,167,22475,472,2,Finished,[Shounen]
Gokicha,7.29,1161,4677,4144,43,Finished,[]
Omoi no Kakera,7.29,1932,4139,4769,44,Finished,[Josei]
Sai x Ai,7.29,373,12048,1299,7,Finished,[Shoujo]
